INSERT INTO VAT_RATE (VAT_CODE, VAT_RATE) VALUES ('A', 22);
INSERT INTO VAT_RATE (VAT_CODE, VAT_RATE) VALUES ('B', 8);
INSERT INTO VAT_RATE (VAT_CODE, VAT_RATE) VALUES ('C', 5);
INSERT INTO VAT_RATE (VAT_CODE, VAT_RATE) VALUES ('D', 3);
INSERT INTO VAT_RATE (VAT_CODE, VAT_RATE) VALUES ('E', 0);


INSERT INTO CUSTOMER(CUST_ID,CUST_NAME) VALUES (1,'CUST 1');
INSERT INTO CUSTOMER(CUST_ID,CUST_NAME) VALUES (2,'CUST 2');
INSERT INTO CUSTOMER(CUST_ID,CUST_NAME) VALUES (3,'CUST 3');
INSERT INTO CUSTOMER(CUST_ID,CUST_NAME) VALUES (4,'CUST 4');

INSERT INTO INVOICE(INV_NO, INV_DATE, INV_CUST_ID) VALUES (1,CURRENT_DATE,1);
INSERT INTO INVOICE_POSITION(POS_INV_NO,POS_NO,POS_VAT_CODE, POS_QTY, POS_PRICE, POS_DESC)
VALUES (1,1,'A',3,2.34,'DESKA WOLNOOPADAJACA');
INSERT INTO INVOICE_POSITION(POS_INV_NO,POS_NO,POS_VAT_CODE, POS_QTY, POS_PRICE, POS_DESC)
VALUES (1,2,'A',1,12.43,'ROWER');
INSERT INTO INVOICE_POSITION(POS_INV_NO,POS_NO,POS_VAT_CODE, POS_QTY, POS_PRICE, POS_DESC)
VALUES (1,3,'B',1,124.43,'KOSIARKA');

INSERT INTO INVOICE(INV_NO, INV_DATE, INV_CUST_ID) VALUES (2,CURRENT_DATE,1);
INSERT INTO INVOICE_POSITION(POS_INV_NO,POS_NO,POS_VAT_CODE, POS_QTY, POS_PRICE, POS_DESC)
VALUES (1,1,'A',3,2.34,'TOWAR 2');

INSERT INTO INVOICE(INV_NO, INV_DATE, INV_CUST_ID) VALUES (3,CURRENT_DATE,1);
INSERT INTO INVOICE_POSITION(POS_INV_NO,POS_NO,POS_VAT_CODE, POS_QTY, POS_PRICE, POS_DESC)
VALUES (1,1,'A',3,2.34,'TOWAR 3');

INSERT INTO INVOICE(INV_NO, INV_DATE, INV_CUST_ID) VALUES (4,CURRENT_DATE,2);
INSERT INTO INVOICE_POSITION(POS_INV_NO,POS_NO,POS_VAT_CODE, POS_QTY, POS_PRICE, POS_DESC)
VALUES (1,1,'A',3,2.34,'TOWAR 4');

INSERT INTO INVOICE(INV_NO, INV_DATE, INV_CUST_ID) VALUES (5,CURRENT_DATE,3);
INSERT INTO INVOICE_POSITION(POS_INV_NO,POS_NO,POS_VAT_CODE, POS_QTY, POS_PRICE, POS_DESC)
VALUES (1,1,'A',3,2.34,'TOWAR 5');

INSERT INTO INVOICE(INV_NO, INV_DATE, INV_CUST_ID) VALUES (6,CURRENT_DATE,3);
INSERT INTO INVOICE_POSITION(POS_INV_NO,POS_NO,POS_VAT_CODE, POS_QTY, POS_PRICE, POS_DESC)
VALUES (1,1,'A',3,2.34,'TOWAR 6');

INSERT INTO INVOICE(INV_NO, INV_DATE, INV_CUST_ID) VALUES (7,CURRENT_DATE,2);
INSERT INTO INVOICE_POSITION(POS_INV_NO,POS_NO,POS_VAT_CODE, POS_QTY, POS_PRICE, POS_DESC)
VALUES (1,1,'A',3,2.34,'TOWAR 7');

INSERT INTO INVOICE(INV_NO, INV_DATE, INV_CUST_ID) VALUES (8,CURRENT_DATE,1);
INSERT INTO INVOICE_POSITION(POS_INV_NO,POS_NO,POS_VAT_CODE, POS_QTY, POS_PRICE, POS_DESC)
VALUES (1,1,'A',3,2.34,'TOWAR 8');

